make,model,year,chassis_code,bolt_pattern,center_bore_mm,center_bore_rear_mm,lug_count,oe_wheel,flush_wheel,max_wheel,source_url,source_lang
ABT,ABT Audi AS3 Sportback,2004,,5x112,57.1,,5,19x8.5J F/R,19x8.5J ET40,19x9.0J ET38,https://ankusiwheels.com/fitment-guide/abt-audi-as3-sportback-2004/,en
Aston Martin,Aston Martin DB9,2013,,5x114.3,68.1,,5,F: 20x8.5J R: 20x11.0J,F 20x9.5J ET35 / R 20x11.5J ET40,F 21x10.0J ET30 / R 21x12.0J ET35,https://ankusiwheels.com/fitment-guide/aston-martin-db9-2013/,en
Audi,Audi A8 3.0 TDI quattro,2004,,5x112,57.1,,5,18x8.5J F/R,19x9.5J ET30,20x10.0J ET25,https://ankusiwheels.com/fitment-guide/audi-a8-3-0-tdi-quattro/,en
Audi,Audi SQ7 [US],2025,,5x112,66.5,,5,21x9.5J F/R,22x10.0J ET25,22x10.5J ET20,https://ankusiwheels.com/fitment-guide/audi-sq7-us/,en
BMW,BMW 323i E21,1980,E21,4x100,57.1,,4,13x5.5J F/R,15x7.0J ET12,15x8.0J ET0,https://ankusiwheels.com/fitment-guide/bmw-323i-e21-1980/,en
BMW,BMW M3 Convertible E93,2009,E93,5x120,72.6,,5,F: 18x8.5J R: 18x9.5J,F 19x9.5J ET20 / R 19x10.5J ET20,F 19x10.0J ET15 / R 19x11.0J ET15,https://ankusiwheels.com/fitment-guide/bmw-m3-convertible-e93-2009/,en
BMW,BMW X6 M F86,2016,F86,5x120,74.1,,5,F: 20x10.0J R: 20x11.0J,F 21x10.5J ET30 / R 21x11.5J ET25,F 22x10.5J ET25 / R 22x12.0J ET20,https://ankusiwheels.com/fitment-guide/bmw-x6-m-f86-2016/,en
BYD,Yuan Plus (Atto 3),2023,,5x114.3,60.1,,5,17x7.0J F/R ET40,17x7.5J ET35,,https://ankusiwheels.com/ru/fitment-guide/byd-yuan-plus-2023/,ru
Brabus,Brabus Mercedes-Benz SL65 AMG Black,2010,,5x112,66.6,,5,F: 19x9.5J R: 20x11.5J,F 20x10.0J ET20 / R 21x12.0J ET20,F 20x10.5J ET15 / R 21x12.5J ET15,https://ankusiwheels.com/fitment-guide/brabus-mercedes-benz-sl65-amg-black-2010/,en
Buick,Buick Excelle II,2023,,4x100,56.6,,4,15x6J F/R,,,https://ankusiwheels.com/fitment-guide/buick-excelle-ii-2023/,en
Buick,Buick Rendezvous,2003,,5x115,70.3,,5,16x6.5J F/R,,,https://ankusiwheels.com/fitment-guide/buick-rendezvous-2003/,en
Cadillac,Cadillac XLRV,2006,,5x120.65,70.3,,5,F: 19x8.5J R: 19x9J,F 20x9J ET40 / R 20x10J ET45,F 20x9.5J ET35 / R 20x10.5J ET40,https://ankusiwheels.com/fitment-guide/cadillac-xlrv/,en
Chery,Tiggo 7 Pro Max,2023,,5x108,60.1,,5,18x6.5J (225/60R18) ET33,19x7J (225/55R19) ET33,20x8J (235/55R20) ET18,https://ankusiwheels.com/ru/fitment-guide/chery-tiggo-7-pro-max-2023/,ru
Chevrolet,Chevrolet Monte Carlo Brickyard Pace Car,2001,,5x115,70.3,,5,16x6.5J F/R,18x8.5J ET40,19x9.0J ET35,https://ankusiwheels.com/fitment-guide/chevrolet-monte-carlo-brickyard-pace-car-2001/,en
Citroen,Citroen C4 Coupe with Panoramic Sunroof,2005,,4x108,65.1,,4,17x6.5J F/R,18x8.0J ET20,18x8.5J ET15,https://ankusiwheels.com/fitment-guide/citroen-c4-coupe-with-panoramic-sunroof-2005/,en
Dodge,Charger Sedan SIXPACK,2026,,5x127,71.6,,5,20x9.0J at ET24 offset (front and rear),20x10.0J at ET18,20x10.5J at ET15,https://ankusiwheels.com/fitment-guide/dodge-charger-sedan-sixpack/,en
FPV,FPV BF MkII Super Pursuit,2006,,5x114.3,70.5,,5,19x8.0J F/R,19x9.0J ET30,F 20x9.0J ET25 / R 20x10.0J ET25,https://ankusiwheels.com/fitment-guide/fpv-bf-mkii-super-pursuit-2006/,en
Ford,Ford Contour,2000,,4x108,63.4,,4,15x6J ET49,16x7J ET38,17x7.5J ET35,https://ankusiwheels.com/fitment-guide/ford-contour/,en
Ford,Ford Mustang Convertible [EU],2018,,5x114.3,70.5,,5,F: 18x8.0J R: 18x8.5J,F 19x9.0J ET38 / R 19x10.0J ET42,F 20x9.5J ET35 / R 20x10.5J ET40,https://ankusiwheels.com/fitment-guide/ford-mustang-convertible-eu-2018/,en
GMC,GMC Sierra Classic,2007,,6x139.7,78.1,,6,16x7J,17x8J ET12,18x9J ET0,https://ankusiwheels.com/fitment-guide/gmc-sierra-classic/,en
Geely,Geely Emgrand EV Facelift,2019,,5x114.3,54.1,,5,17x6.5J F/R,,,https://ankusiwheels.com/fitment-guide/geely-emgrand-ev-facelift-2019/,en
Geely,Geely MK,2009,,4x100,54.1,,4,15x6J F/R,,,https://ankusiwheels.com/fitment-guide/geely-mk-2009/,en
Hamann,Hamann Range Rover HM 5.2,2004,,5x120,72.6,,5,19x8J ET53,,23x10.5J ET35,https://ankusiwheels.com/fitment-guide/hamann-range-rover-hm-5-2/,en
Honda,NSX NA1/NA2,2003,,5x114.3,64.1,,5,16x7J (215/45R16) ET55,17x9J (245/40R17) ET56,18x9.5J (255/35R18) ET45,https://ankusiwheels.com/th/fitment-guide/honda-nsx-na1-na2-2003/,th
Hyundai,Solaris,2021,,4x100,54.1,,4,15x6J ET48,16x6.5J ET43,17x7J ET38,https://ankusiwheels.com/ru/fitment-guide/hyundai-solaris-2021/,ru
Jaguar,Jaguar XKR-S GT,2014,,5x108,63.4,,5,F 20x9J ET49 / R 20x10.5J ET46,F 20x9.5J ET40 / R 20x11J ET38,F 21x10J ET35 / R 21x11.5J ET35,https://ankusiwheels.com/fitment-guide/jaguar-xkr-s-gt/,en
Kia,Kia EV9,2024,,5x114.3,67.1,,5,21x8.5J F/R,22x9.5J ET35,22x10.0J ET30,https://ankusiwheels.com/fitment-guide/kia-ev9-2024/,en
Lamborghini,Lamborghini Aventador LP700-4 Roadster,2014,,5x112 front / 5x120 rear,57.1,,5,,F 20x9.5J ET25 / R 21x13J ET55,F 21x9.5J ET20 / R 22x13J ET50,https://ankusiwheels.com/fitment-guide/lamborghini-aventador-lp700-4-roadster/,en
Leapmotor,Leapmotor C10,2025,,5x114.3,67.1,,5,18x7.5J ET40,20x9J ET32,21x9.5J ET30,https://ankusiwheels.com/fitment-guide/leapmotor-c10/,en
Lotus,Lotus Europa S,2006,,5x110,65.1,,5,F 17x5.5J ET26 / R 17x7.5J ET40,F 17x7J ET20 / R 18x8.5J ET35,F 18x7.5J ET18 / R 18x9J ET30,https://ankusiwheels.com/fitment-guide/lotus-europa-s/,en
Maybach,Maybach 57,2002,,5x112,66.6,,5,19x8J ET67,20x9J ET45,21x9.5J ET40,https://ankusiwheels.com/fitment-guide/maybach-57/,en
Mercedes-Benz,190E (W201),1993,,5x112,66.6,,5,15x6.5J ET49,16x7.5J ET42,17x8J ET35,https://ankusiwheels.com/fr/fitment-guide/mercedes-190e-w201/,fr
Mercedes-Benz,Mercedes-Benz C63 S AMG Estate F1 Medical Car,2015,,5x112,66.6,,5,F: 19x8.5J R: 19x9.5J,F 20x9.0J ET28 / R 20x10.0J ET35,F 21x9.5J ET25 / R 21x10.5J ET30,https://ankusiwheels.com/fitment-guide/mercedes-benz-c63-s-amg-estate-f1-medical-car/,en
Mercedes-Benz,Mercedes-Benz G-Class Edition Select,2011,,5x130,84.1,,5,18x7.5J F/R,20x9.0J ET30,22x9.5J ET25,https://ankusiwheels.com/fitment-guide/mercedes-benz-g-class-edition-select/,en
Mercedes-Benz,Mercedes-Benz SL Mille Miglia 417 Edition,2015,,5x112,66.6,,5,F: 19x8.5J R: 19x9.5J,F 20x9.0J ET32 / R 20x10.0J ET38,F 21x9.5J ET28 / R 21x10.5J ET32,https://ankusiwheels.com/fitment-guide/mercedes-benz-sl-mille-miglia-417-edition/,en
Mitsubishi,Eclipse Cross,2019,,5x114.3,67.1,,5,16x6.5J ET38,18x7J ET38,19x7.5J ET38,https://ankusiwheels.com/ru/fitment-guide/mitsubishi-eclipse-cross-2019/,ru
Neta,Neta V-II,2025,,5x114.3,60.1,,5,16x6J ET38,19x8J ET32,19x8.5J ET28,https://ankusiwheels.com/fitment-guide/neta-v-ii/,en
Nissan,Nissan Rogue,2024,,5x114.3,66.1,,5,"19x7.5J at ET40 offset, front and rear",20x8.5J ET32,20x9.0J ET28,https://ankusiwheels.com/fitment-guide/nissan-rogue-2024/,en
Opel,Opel Mokka,2013,,5x105,56.6,,5,18x7J ET38,19x8J ET30,20x8.5J ET25,https://ankusiwheels.com/fitment-guide/opel-mokka/,en
Porsche,Porsche 718 Spyder,2016-2020,,5x130,71.6,,5,F: 20x8.5J R: 20x11.0J,F 20x9.0J ET54 / R 20x11.0J ET50,F 20x9.0J ET50 / R 20x11.0J ET45,https://ankusiwheels.com/fitment-guide/porsche-718-spyder/,en
Porsche,Porsche 911 Turbo,1993,,5x130,71.6,,5,F: 18x8J R: 18x10J,F 18x8.5J ET44 / R 18x10J ET36,F 18x8.5J ET44 / R 18x10J ET36,https://ankusiwheels.com/fitment-guide/porsche-911-turbo-1993/,en
Ram,Ram 1500 Classic Warlock,2019,,5x139.7,77.8,,5,"20x8.0J at ET19 offset, front and rear",20x9.0J ET0,20x10.0J ET,https://ankusiwheels.com/fitment-guide/ram-1500-classic-warlock/,en
Renault,Renault Laguna Initiale 3.0 V6 24V,2000,,5x108,60.1,,5,16x6.5J ET40,,18x8J ET35,https://ankusiwheels.com/fitment-guide/renault-laguna-initiale-3-0-v6-24v/,en
SEAT,Seat Leon Cupra R,2003,,5x100,57.1,,5,"18x7.5J at ET38 offset, front and rear",F 18x8.0J ET38 / R 18x8.0J ET38,F 18x8.0J ET35 / R 18x8.0J ET35,https://ankusiwheels.com/fitment-guide/seat-leon-cupra-r-mk1/,en
Smart,Smart fortwo electric drive,2017,,4x100,60.1,,4,F 15x5J ET32 / R 15x5.5J ET42,F 16x6J ET30 / R 16x6.5J ET35,F 17x6.5J ET25 / R 17x7J ET30,https://ankusiwheels.com/fitment-guide/smart-fortwo-electric-drive/,en
TechArt,TechArt Porsche 911 Turbo 997,2006,,5x130,71.6,,5,F 20x8.5J ET56 / R 20x12J ET51,F 20x9J ET42 / R 20x12.5J ET40,F 20x9.5J ET38 / R 20x13J ET35,https://ankusiwheels.com/fitment-guide/techart-porsche-911-turbo-997/,en
Toyota,Land Cruiser 200,2016,,5x150,110.1,,5,18x8J F/R ET56,18x8.5J ET52,,https://ankusiwheels.com/ru/fitment-guide/toyota-land-cruiser-200-2016/,ru
Toyota,Toyota Prius Prime,2017,,5x100,54.1,,5,"F/R: 15x6.5J at ET39 offset, front and rear",16x7.0J ET38,17x7.5J ET35,https://ankusiwheels.com/fitment-guide/toyota-prius-prime/,en
Volkswagen,ID.3,2023,,5x112,57.1,,5,18x7.5J ET44,19x8.5J ET38,20x9J ET35,https://ankusiwheels.com/es/fitment-guide/volkswagen-id3-2023-es/,es
Volkswagen,Volkswagen Vento [IN],2014,A05,5x100,57.1,,5,14x5J F/R,,,https://ankusiwheels.com/fitment-guide/volkswagen-vento-2014/,en
